Channel_ID,Playlist_ID,Playlist_Title,Playlist_VideoCount
UCgcUFVynuKwaIZLJkjhzOVg,PL4f1fCd16xlKzp8w--shY1iucTouWAXhW,Spicy Chicken Curry ЁЯФеЁЯМ╢,4
UCgcUFVynuKwaIZLJkjhzOVg,PL4f1fCd16xlLWMCUOlVg2YJ-grliOhTBS,Huge Food Challenges ЁЯШ▒,17
UCgcUFVynuKwaIZLJkjhzOVg,PL4f1fCd16xlICVQH-i80n13RVgSbEyDyF,Street Food Party ЁЯФеЁЯдй,18
UCgcUFVynuKwaIZLJkjhzOVg,PL4f1fCd16xlKVU-t0FLsai11J-FsGKiWa,Yummy Biryani Eating ЁЯШЛ,11
UCgcUFVynuKwaIZLJkjhzOVg,PL4f1fCd16xlLKaio2NnlUsURjYl55mBY7,Egg curry,9
UCgcUFVynuKwaIZLJkjhzOVg,PL4f1fCd16xlIQk_EXvjozVikimuom9Pxf,Spicy Noodles ЁЯНЭ,11
UCgcUFVynuKwaIZLJkjhzOVg,PL4f1fCd16xlIebJNKBqn7zPSkwO6Ou3nJ,Spicy Whole ChickenЁЯФе ЁЯРУЁЯНЧ,18
UCgcUFVynuKwaIZLJkjhzOVg,PL4f1fCd16xlJWHFltVNFFbNnRgc2EeNaL,Spicy Mutton Curry With Rice,28
UChahm6WYl7bD1uWfNEFqcZw,PLzebL_MAZ1dLBRsJQW2JjO1Qd7G6ccIdj,Honey Extraction From Mountain and How We Store it For a Year | Complete Process Of Honey,2
UChahm6WYl7bD1uWfNEFqcZw,PLzebL_MAZ1dKx0rK9146jCLRK7O-Vf3wS,Sabs and Kums Cravings,2
UChahm6WYl7bD1uWfNEFqcZw,PLzebL_MAZ1dLmxWUaB8dtXJBblPce5xv4,Mrs.Saapattu Raman Recipes | Amma Samayal |,5
UChahm6WYl7bD1uWfNEFqcZw,PLzebL_MAZ1dJ20EM0tuf68ci4J_NDqCTA,#Shorts,106
UChahm6WYl7bD1uWfNEFqcZw,PLzebL_MAZ1dLAZnZEkDGBjlPnYqO8pvjg,Food Review & Vlogs,4
UChahm6WYl7bD1uWfNEFqcZw,PLzebL_MAZ1dJN_bZbIUvazntc1PC9yHnV,Village Cooking Videos | Natural Cooking | Saapattu Raman Cooking Channel | Village Cooking Channel |,19
UChahm6WYl7bD1uWfNEFqcZw,PLzebL_MAZ1dJltwt3RDL5Ni1hiXb3W8AR,рджрдХреНрд╖рд┐рдг рднрд╛рд░рдд рдХрд╛ рд╕рдмрд╕реЗ рдмрдбрд╝рд╛ рдШрд░ рдмрдирд╛рдпрд╛ рд╡реЗрдЧ рдерд╛рд▓реА рднреЛрдЬрди рдЪреБрдиреМрддреА | 23 рдЖрдЗрдЯрдо рдкреВрд░реНрдг рднреЛрдЬрди | рдкреБрд░рдЯреНрдЯрд╛рд╕реА рд╕реНрдкреЗрд╢рд▓,2
UChahm6WYl7bD1uWfNEFqcZw,PLzebL_MAZ1dLiCkeO_8CPMTpmDhi4nUjT,ркжркХрлНрк╖рк┐ркг ркнрк╛рк░ркдркирлБркВ рк╕рлМркерлА ркорлЛркЯрлБркВ ркШрк░ рк╡рлЗркЧ ркерк╛рк│рлА ркЦрк╛рк╡рк╛ркирлБркВ рккркбркХрк╛рк░ 23 рк╡рк╕рлНркдрлБркУ рк╕ркВрккрлВрк░рлНркг ркнрлЛркЬрки | рккрлБрк░рк╛ркдрк╕рлА рк╕рлНрккрлЗрк╢рк┐ркпрк▓,2
UChahm6WYl7bD1uWfNEFqcZw,PLzebL_MAZ1dIKsv6eMzXmJCdnYNHcaJNm,ржжржХрзНрж╖рж┐ржг ржнрж╛рж░рждрзЗ рж╕ржмржЪрзЗржпрж╝рзЗ ржмржбрж╝ рж╣рзЛржо ржУржпрж╝рзЗржЧ ржерж╛рж▓ ржЦрж╛ржУржпрж╝рж╛рж░ ржЪрзНржпрж╛рж▓рзЗржЮрзНржЬ | 23 ржЖржЗржЯрзЗржо ржкрзВрж░рзНржг ржЦрж╛ржмрж╛рж░ | Purattasi ржмрж┐рж╢рзЗрж╖,2
UChahm6WYl7bD1uWfNEFqcZw,PLzebL_MAZ1dLRdHrN8ZZdN3RQ9We44g2G,╪г┘Г╪и╪▒ ╪м┘Ж┘И╪и ╪з┘Д┘З┘Ж╪п ╪з┘Д╪▒╪ж┘К╪│┘К╪й ┘Е╪╡┘Ж┘И╪╣╪й ┘Б┘К ╪з┘Д╪│┘И┘В Thali ╪з┘Д╪г┘Г┘Д ╪з┘Д╪к╪н╪п┘К | 23 ╪г╪╡┘Ж╪з┘Б ┘И╪м╪и╪з╪к ┘Г╪з┘Е┘Д╪й Purattasi ╪з┘Д╪о╪з╪╡,2
UChahm6WYl7bD1uWfNEFqcZw,PLzebL_MAZ1dKJmYPI8All_JEX-1TbKYox,S├╝dindiens gr├╢├Яte hausgemachte Veg Thali Essen Herausforderung | 23 Artikel Voll Mahlzeiten | Purattasi Spezial,2
UChahm6WYl7bD1uWfNEFqcZw,PLzebL_MAZ1dJv1KAzqEQ4EK4uwikiRlSz,ьЭ╕ыПД ыВиы╢А ь╡ЬыМАьЭШ ьзСьЬ╝ыбЬ ь▒ДьЛЭ Thali ыи╣ыКФ ыПДьаД (ko) | 23 эХныкй ьаДь▓┤ ьЛЭьВм | ьБШьЩА ыФ░ьЛЬ ьКдэОШьЕЬ,5
UChahm6WYl7bD1uWfNEFqcZw,PLzebL_MAZ1dKf86YXFzSdRnXgXmnJZokp,El Mayor Desaf├нo de Comida Thali Veg Hecho en Casa del Sur de la India | 23 Art├нculos Comidas Completas | Purattasi Especial,5
UChahm6WYl7bD1uWfNEFqcZw,PLzebL_MAZ1dItahvewf-abEKZrR3eadJi,World Record | Raw Broccoli Eating Challenge | Matt Stonie's Record Broken | World Food Eating Competition |,2
UChahm6WYl7bD1uWfNEFqcZw,PLzebL_MAZ1dL3dE5JSi2LUUgGDk7ecxKX,40 рикрйБри░рйА риЦри╛ригрйЗ рижрйА риЪрйБригрйМридрйА ри╣рйБригрйЗ ри╣рйА ри╡ри┐риЪ ?? | Chole ринри┐рй▒рид ринрйЛриЬрии риЪрйБригрйМридрйА | рилрйВриб риЪрйИри▓рйЗриВриЬ риЗрй░рибрйАриЖ |,2
UChahm6WYl7bD1uWfNEFqcZw,PLzebL_MAZ1dK118PmD0q9X2BHF71HoA4R,40 рднрд░реНрдЦрд░реИ рдорд╛ рднрд░реНрддреА рдЪреИрд▓реЗрдВрдЬ ?? | рдЪреЛрд▓ рднрддреНрдХ рдЦрд╛рдиреЗ рдЪреБрдиреМрддреА рдЦрд╛рджреНрдп рдЪреБрдиреМрддреА рднрд╛рд░рдд |,2
UChahm6WYl7bD1uWfNEFqcZw,PLzebL_MAZ1dIS8R1GtQaWwR--uBOiLEhW,Malaysia Series | World Trip - Saapattu Raman,12
UChahm6WYl7bD1uWfNEFqcZw,PLzebL_MAZ1dKBunXOLLRndgQ3Z-0Xu6VH,р░Ьр░╕р▒Нр░Яр▒Н р░▓р▒Л 40 PURI EATING р░Ыр░╛р░▓р▒Жр░Вр░Ьр▒Н ?? | р░Ър▒Лр░▓р▒Н р░нр▒Нр░░р░Ър░░р▒Н р░Ер░▓р░╡р░╛р░Яр▒Нр░▓р▒Б р░Ыр░╛р░▓р▒Жр░Вр░Ьр▒Н | р░лр▒Бр░бр▒Н р░Ыр░╛р░▓р▒Жр░Вр░Ьр▒Н р░Зр░Вр░бр░┐р░пр░╛ |,1
UChahm6WYl7bD1uWfNEFqcZw,PLzebL_MAZ1dIzHLdiL5ZFkcUfJiZNG_nF,40 рдкреБрд░реА рдмрд╕ рдореЗрдВ рдЪреБрдиреМрддреА рдЦрд╛ рд░рд╣реА рд╣реИ ?? | рдЪреЛрд▓ рднреИрдЪрд░ рднреЛрдЬрди рдЪреБрдиреМрддреА | рдЦрд╛рджреНрдп рдЪреБрдиреМрддреА рднрд╛рд░рдд |,2
UChahm6WYl7bD1uWfNEFqcZw,PLzebL_MAZ1dLjjSyARRiRlH6nI20yicOa,100 KG Veg Biryani cozinhar e comer desafio | Celebrando 10 milh├╡es de visualiza├з├╡es com as pessoas da nossa aldeia,1
UChahm6WYl7bD1uWfNEFqcZw,PLzebL_MAZ1dJB3UyyeYeeQseLPFLwNj0p,100 KG Veg BiryaniцЦЩчРЖуБищгЯуБ╣уВЛуГБуГгуГмуГ│уВ╕|чзБуБЯуБбуБоцЭСуБоф║║уАЕуБи1000ф╕ЗуГУуГеуГ╝уВТчеЭуБЖ,1
UChahm6WYl7bD1uWfNEFqcZw,PLzebL_MAZ1dLqbMLMcfl8-x29IS26sV1B,100 KG Veg Biryani ьЪФыжм ы░П ыи╣ъ╕░ ыПДьаД | ьЪ░ыжм ызИьЭД ьВмыЮМыУдъ│╝ эХиъ╗Ш ь▓ЬызМъ░ЬьЭШ эТНъ▓╜ ъ▓╜ь╢Х,1
UChahm6WYl7bD1uWfNEFqcZw,PLzebL_MAZ1dIBDDwTcQR5zHWtke4KI6vX,100 рдХреЗрдЬреА рд╡реЗрдЧ рдмрд┐рд░рдпрд╛рдиреА рдкрд╛рдХ рдХрд▓рд╛ рдФрд░ рднреЛрдЬрди рдЪреБрдиреМрддреА | рд╣рдорд╛рд░реЗ рдЧрд╛рдВрд╡ рдХреЗ рд▓реЛрдЧреЛрдВ рдХреЗ рд╕рд╛рде 10 рдорд┐рд▓рд┐рдпрди рджреГрд╢реНрдп рдордирд╛рддреЗ рд╣реИрдВ,1
UChahm6WYl7bD1uWfNEFqcZw,PLzebL_MAZ1dKRFlJwZD9FjxKwk46yoL7X,100 KG Veg Biryani C├│caireacht agus D├║shl├бn Ithe Ag Ceili├║radh 10Million Tuairim├н Le Daoine ├Бr Sr├бidbhaile,1
UChahm6WYl7bD1uWfNEFqcZw,PLzebL_MAZ1dK4koPMb8TBizIys86Na5GE,100 KG Veg Biryani ╬а╧Б╬┐╬╡╧Д╬┐╬╣╬╝╬▒╧Г╬п╬▒ ╬│╬╣╬▒ ╬╝╬▒╬│╬╡╬п╧Б╬╡╬╝╬▒ ╬║╬▒╬╣ ╧Ж╬▒╬│╬╖╧Д╧М ╬У╬╣╬┐╧Б╧Д╬м╬╢╬┐╬╜╧Д╬▒╧В ╧Д╬╣╧В ╬а╧Б╬┐╬▓╬┐╬╗╬н╧В ╧Д╧Й╬╜ 10 ╬╡╬║╬▒╧Д╬┐╬╝╬╝╧Е╧Б╬п╧Й╬╜ ╬╝╬╡ ╧Д╬┐ ╬Ы╬▒╧К╬║╧М ╬╝╬▒╧В ╬з╧Й╧Б╬╣╧М,1
UChahm6WYl7bD1uWfNEFqcZw,PLzebL_MAZ1dK4QeEUrBs5pNxq7guMUnM0,100 KG Veg Biryani Kochen und Essen Herausforderung | Wir feiern 10 Millionen Aufrufe mit unseren Village People's,1
UChahm6WYl7bD1uWfNEFqcZw,PLzebL_MAZ1dJ_3gWiU_MBDoNZIODn7dUF,100 KG Veg Biryani Cooking and Eating Challenge Oslava 10 mili├│n┼п zhl├йdnut├н s lidmi na na┼б├н vesnici,1
UChahm6WYl7bD1uWfNEFqcZw,PLzebL_MAZ1dIeuwqO8GHoBgNhEi9x04UQ,D├йfi de cuisine et de repas Biryani de 100 kg de l├йgumes | C├йl├йbrer 10 millions de vues avec nos villageois,1
UChahm6WYl7bD1uWfNEFqcZw,PLzebL_MAZ1dKoGzCmp7IaT9GgdUJqzcru,100 KG Veg Biryani Pagluluto at Eating Challenge | Ipinagdiriwang ang 10M Views Sa aming Village People,1
UChahm6WYl7bD1uWfNEFqcZw,PLzebL_MAZ1dLFM_gjX531qNsb0fxojx0_,100 KG Veg BiryaniчГ╣щекхТМщеощгЯцМСцИШ|ф╕ОцИСф╗мчЪДцЭСц░Сф╕Аш╡╖х║ЖчеЭ1000ф╕ЗчЪДшзВчВ╣,1
UChahm6WYl7bD1uWfNEFqcZw,PLzebL_MAZ1dIswXLq_nPhWq1F7JOdX9LJ,100 ╨║╨│. ╨Я╤А╨╡╨┤╨╕╨╖╨▓╨╕╨║╨░╤В╨╡╨╗╤Б╤В╨▓╨╛ ╨╖╨░ ╨│╨╛╤В╨▓╨╡╨╜╨╡ ╨╕ ╤Е╤А╨░╨╜╨╡╨╜╨╡ ╨╜╨░ ╨Т╨╡╨│ ╨С╨╕╤А╤П╨╜╨╕ ╨Я╤А╨░╨╖╨╜╤Г╨▓╨░╨╣╨║╨╕ 10M ╨╕╨╖╨│╨╗╨╡╨┤╨╕ ╤Б ╨╜╨░╤И╨╡╤В╨╛ ╨Э╨░╤А╨╛╨┤╨╜╨╛ ╤Б╨╡╨╗╨╕╤Й╨╡,1
UChahm6WYl7bD1uWfNEFqcZw,PLzebL_MAZ1dKAD8Bk3GxOsdxBgsXgh0Ef,100 KG Veg Biryani ╘╜╒╕╒░╒б╓А╒б╓А╒╕╓В╒й╒╡╒╕╓В╒╢ ╒е╓В ╒И╓В╒┐╒╕╓В╒┤ Challenge | ╒П╒╕╒╢╒б╒п╒б╒┐╒б╓А╒╕╓В╒й╒╡╒╕╓В╒╢ ╒┐╒╕╒╢╒е╒м╒╕╓В ╒┤╒е╓А ╒г╒╡╒╕╓В╒▓╒л ╒в╒╢╒б╒п╒л╒╣╒╢╒е╓А╒л ╒░╒е╒┐,1
UChahm6WYl7bD1uWfNEFqcZw,PLzebL_MAZ1dLs8QeDVY4y103YxACb7JKv,100 ┘Г╪║ ╪и╪▒┘К╪з┘Ж┘К ╪з┘Д╪╖╪и╪о ┘И╪з┘Д╪╖╪╣╪з┘Е ╪з┘Д╪к╪н╪п┘К | ╪з┘Д╪з╪н╪к┘Б╪з┘Д 10M ╪з┘Д┘Е╪┤╪з┘З╪п╪з╪к ┘Е╪╣ ╪┤╪╣╪и ╪з┘Д┘В╪▒┘К╪й,1
UChahm6WYl7bD1uWfNEFqcZw,PLzebL_MAZ1dLKCTT3zbpCeu3JDv5Jjtpx,ыВиы╢А ьЭ╕ыПД ьЪФыжмы▓Х ь╜ШэЕМьКдэК╕ ыи╣ъ╕░ | ьЛЭэТИ ь╜ШэЕМьКдэК╕ ьЭ╕ыПД | ьЭМьЛЭ ьД╕ъ│Д | Saapattu Raman |,95
UChahm6WYl7bD1uWfNEFqcZw,PLzebL_MAZ1dLzhUKSZSBXXrA7qiMWtdgT,Concours de recettes de cuisine du sud de l'Inde | Concours Alimentaire Inde | Monde alimentaire | Saapattu Raman |,92
UChahm6WYl7bD1uWfNEFqcZw,PLzebL_MAZ1dIJ8diCxMX77hReRMoW1oe0,Reasabaidhean Innseanach a Deas Co-ch├▓rdadh Ithidh | Co-ch├▓rdadh bidhe na h-Innseachan | Biadh na Cruinne Innseanach | Saapattu Raman |,92
UChahm6WYl7bD1uWfNEFqcZw,PLzebL_MAZ1dIc3caWywtCz-yM6uGCT6BZ,рджрдХреНрд╖рд┐рдг рднрд╛рд░рддреАрдп рд╡реНрдпрдЮреНрдЬрди рднреЛрдЬрди рдкреНрд░рддрд┐рдпреЛрдЧрд┐рддрд╛ | рдЦрд╛рджреНрдп рдкреНрд░рддрд┐рдпреЛрдЧрд┐рддрд╛ рднрд╛рд░рдд | рднрд╛рд░рддреАрдп рдЦрд╛рджреНрдп рджреБрдирд┐рдпрд╛ | Saapattu Raman |,95
UChahm6WYl7bD1uWfNEFqcZw,PLzebL_MAZ1dJC0Op3R12pQRsyj93BBw28,Peraduan Masakan Resipi India Selatan | Peraduan Makanan India | Dunia Makanan India | Saapattu Raman |,92
UChahm6WYl7bD1uWfNEFqcZw,PLzebL_MAZ1dIlBgyKPzUG0nmvNIW71tdJ,G├╝ney Hint Yemek Tarifleri Yeme Yar─▒┼Яmas─▒ | G─▒da Yar─▒┼Яmas─▒ Hindistan | Hint yemekleri d├╝nyas─▒ |,95
UChahm6WYl7bD1uWfNEFqcZw,PLzebL_MAZ1dKQcupKS2Cb1zWTtszYLn4r,How to cook mutton ghee roast? | How to eat mutton ghee roast? | Mutton Ghee Roast Recipe |,1
UChahm6WYl7bD1uWfNEFqcZw,PLzebL_MAZ1dJKxzmeItA5wyH7hw7ble7E,13Kg Mountain Goat Ghee Roast Roast Prepared By Village Food Factory | Saapattu Raman | Mutton Ghee Roast Recipe |,1
UChahm6WYl7bD1uWfNEFqcZw,PLzebL_MAZ1dJsEeThPfe-iNEMzd7wbgia,How to Make Samba Wheat Rava Upma? Upma Recipe,1
UChahm6WYl7bD1uWfNEFqcZw,PLzebL_MAZ1dJ4qBEA50A52PWpSjkUNsuE,ро░ро╛роХро┐ роХро▓ро┐ роЪрпЖропрпНро╡родрпБ роОрокрпНрокроЯро┐? How to make raagi balls ?,1
UChahm6WYl7bD1uWfNEFqcZw,PLzebL_MAZ1dIGlX51ymLgs9nUd5kYw7RO,How to Make Fish Fry ? Catla Fish Eating Challenge |,1
UChahm6WYl7bD1uWfNEFqcZw,PLzebL_MAZ1dL3vW0S4YS2zrZAi12PmUec,Vegetarian Eating Challenge | Food Challenge India |,32
UChahm6WYl7bD1uWfNEFqcZw,PLzebL_MAZ1dLyTd-3KPj9x1hBhlXBM0PR,роорпЖродрпБ ро╡роЯрпИ роЪрпЖропрпНро╡родрпБ роОрокрпНрокроЯро┐ ? роорпЖродрпБ ро╡роЯрпИ роЪрпЖропрпНроорпБро▒рпИ |,1
UChahm6WYl7bD1uWfNEFqcZw,PLzebL_MAZ1dIDxdzeixffX9QirAPwjbpT,How to Make Medu Vada? Vadai Recipe |,1
UChahm6WYl7bD1uWfNEFqcZw,PLzebL_MAZ1dLE64D2-MZ1dpku1CVFsMKy,рокро░рпЛроЯрпНроЯро╛ роЪро╛рокрпНрокро┐роЯрпБроорпН рокрпЛроЯрпНроЯро┐ | Real Life Parotta Soori | рокро░рпЛроЯрпНроЯро╛ роЪрпВро░ро┐ |,1
UChahm6WYl7bD1uWfNEFqcZw,PLzebL_MAZ1dKXw4_WfCojNUF9iPU5hi7u,Parotta Eating Challenge | Parotta soori | Parotta Eating Competition |,1
UChahm6WYl7bD1uWfNEFqcZw,PLzebL_MAZ1dLOIdhWgkuxicDUFacVTDVG,роЖроЯрпНроЯрпБ роХро╛ро▓рпН рокро╛ропро╛ Recipe | Indian Food Challenge | Aatu Kaal Paaya Recipe | South Indian Foods |,1
UCHGktfcQq2BY_8tGPHwvm7g,PLX9ciqY-LU_dIPbFgNzHMLTcuiBMOlyzw,Summer Recipes in Tamil,4
UCHGktfcQq2BY_8tGPHwvm7g,PLX9ciqY-LU_dVZxkYrgtbnvHBza3JqX97,Steffi Ulagam Vlogs,6
UCHGktfcQq2BY_8tGPHwvm7g,PLX9ciqY-LU_ePsfolNltpSY3MmoRkRhsL,Traditional Recipes in Tamil,14
UCHGktfcQq2BY_8tGPHwvm7g,PLX9ciqY-LU_d4Fvgbd3dZhWGArTiUws-m,Easy Recipes for Bachelors in Tamil,1
UCHGktfcQq2BY_8tGPHwvm7g,PLX9ciqY-LU_ckocrGeOnN-0llw66SGND8,Egg Recipes in Tamil,26
UCHGktfcQq2BY_8tGPHwvm7g,PLX9ciqY-LU_cUJTI_9Ny_n4815ndG4Yx2,Lunch Box Recipes in Tamil,5
UCHGktfcQq2BY_8tGPHwvm7g,PLX9ciqY-LU_fczif1y4xlYgZoVE9hlj2S,Kid's Recipes in Tamil,50
UCHGktfcQq2BY_8tGPHwvm7g,PLX9ciqY-LU_cVOovw_eT7DqbsLMgtDq_R,Chaat Recipes in Tamil,27
UCHGktfcQq2BY_8tGPHwvm7g,PLX9ciqY-LU_cgH0knEMuRseLpu2yAqU95,Paneer Recipes in Tamil,14
UCHGktfcQq2BY_8tGPHwvm7g,PLX9ciqY-LU_cyjQMM7ileiiAcC3aSBe65,Lunch box recipes,17
UCHGktfcQq2BY_8tGPHwvm7g,PLX9ciqY-LU_ctvRTTfYUundZM-x2bPsA5,Dinner Recipes in Tamil,39
UCHGktfcQq2BY_8tGPHwvm7g,PLX9ciqY-LU_cg0-6M_DKwFSvM8OqpV8BX,Masala Powder Recipes,5
UCHGktfcQq2BY_8tGPHwvm7g,PLX9ciqY-LU_egRQ_xrd_xVBImmyS1LVXM,Kootu Recipes - Poriyal Recipes in Tamil,16
UCHGktfcQq2BY_8tGPHwvm7g,PLX9ciqY-LU_dcLBHI4a-Ec3aUV3RL7kex,Chutney Recipes in Tamil,17
UCHGktfcQq2BY_8tGPHwvm7g,PLX9ciqY-LU_ejhHX7P9bp6lHYoR8i8Zgc,Baking Recipes in Tamil,74
UCHGktfcQq2BY_8tGPHwvm7g,PLX9ciqY-LU_eJpddyoh-OGDWvEO3ob5kQ,Cake Recipes in Tamil,38
UCHGktfcQq2BY_8tGPHwvm7g,PLX9ciqY-LU_d2YVNFuj9yThnwcwtrTB4t,Starter Recipes in Tamil,49
UCHGktfcQq2BY_8tGPHwvm7g,PLX9ciqY-LU_d7dWVwF_ur61deMxU0bRka,Sweet Recipes in Tamil,202
UCHGktfcQq2BY_8tGPHwvm7g,PLX9ciqY-LU_fzIMbHBeG65oXwyFA-xRwh,Mother's Secret Recipes,5
UCHGktfcQq2BY_8tGPHwvm7g,PLX9ciqY-LU_dnRr_rwXOubqXutowOKq-D,Mutton Recipes in Tamil,12
UCHGktfcQq2BY_8tGPHwvm7g,PLX9ciqY-LU_dSQ6NWkzofJVp7kQXKDlWZ,Chicken Recipes in Tamil,52
UCHGktfcQq2BY_8tGPHwvm7g,PLX9ciqY-LU_d98A7rMS1K39r-jkaXdGTi,Side dish Recipes,26
UCHGktfcQq2BY_8tGPHwvm7g,PLX9ciqY-LU_coZ-yy69MP39oRMoX-yYhU,Variety Rice Recipes in Tamil,39
UCHGktfcQq2BY_8tGPHwvm7g,PLX9ciqY-LU_dWxUgIv1PEtbBdRR7AWa-v,Kulambu Varieties in Tamil,80
UCHGktfcQq2BY_8tGPHwvm7g,PLX9ciqY-LU_eV725o-_86vPakAMBTKld3,Vegetarian Recipes in Tamil,49
UCHGktfcQq2BY_8tGPHwvm7g,PLX9ciqY-LU_eDDRsL9MXgJRaksJPGekJx,Breakfast Recipes in Tamil,55
UCHGktfcQq2BY_8tGPHwvm7g,PLX9ciqY-LU_e_Uy8meR0OjvJQqAfmMXc9,Snacks Recipes in Tamil,112
UCHGktfcQq2BY_8tGPHwvm7g,PLX9ciqY-LU_fZ4TC483fTUkd1bLU_dB7I,Non Veg Recipes,24
UCHGktfcQq2BY_8tGPHwvm7g,PLX9ciqY-LU_f8jZdr_8YRj9RTqs-vKhcv,Seafood Recipes,23
UCG3B5UDD0rgEgKrpn1hZz3w,PLa3a5O_Lwkf4vjWCFSVer2pvFQN9ke8hD,60th birthday video,1
UCG3B5UDD0rgEgKrpn1hZz3w,PLa3a5O_Lwkf58of573H2CYZi4GJqSJ3Fn,Anmeega yogi,0
UCG3B5UDD0rgEgKrpn1hZz3w,PLa3a5O_Lwkf7eDu-CxxTMMlCDjcHIiaB3,Women problem solving Recipes,2
UCG3B5UDD0rgEgKrpn1hZz3w,PLa3a5O_Lwkf7WfuHemUolr1MNk6VCYFrq,Diwali sweets,27
UCG3B5UDD0rgEgKrpn1hZz3w,PLa3a5O_Lwkf76PjOtPvraSgMXlk19Rt0d,Rithvik Sweets & Bakshanams/Savouries,3
UCG3B5UDD0rgEgKrpn1hZz3w,PLa3a5O_Lwkf4FWKjx25Fw-RGTe1qXw-Qt,YOGAMBALS,6
UCG3B5UDD0rgEgKrpn1hZz3w,PLa3a5O_Lwkf4Q22nLZx8feI4A-lF8wW1E,Mahalayapakksham Lunch and Dinner,25
UCG3B5UDD0rgEgKrpn1hZz3w,PLa3a5O_Lwkf4cHjd5kcMN2AwevcBikiJs,Puratasi Sanikezami perumal Naivedyam,4
UCG3B5UDD0rgEgKrpn1hZz3w,PLa3a5O_Lwkf5a52yJadFYvXN8YM5E70U9,Karadayan Nonbu,4
UCG3B5UDD0rgEgKrpn1hZz3w,PLa3a5O_Lwkf767LMWjh5fBzIZd5CqtxM1,Womens day special,2
UCG3B5UDD0rgEgKrpn1hZz3w,PLa3a5O_Lwkf690XAEVp87jjZR5rdEKTX6,LAUNCH,2
UCG3B5UDD0rgEgKrpn1hZz3w,PLa3a5O_Lwkf6j1KxK4tx2ZAsWbk1iOs0C,Desserts,8
UCG3B5UDD0rgEgKrpn1hZz3w,PLa3a5O_Lwkf4LjvMz4A-7DgRKiM4G0Lp0,Pongal,7
UCG3B5UDD0rgEgKrpn1hZz3w,PLa3a5O_Lwkf4h12cKQdjota9EnMRWPSVG,Kids special,55
UCG3B5UDD0rgEgKrpn1hZz3w,PLa3a5O_Lwkf45jZmqOsaLITeSsQB7tAjd,Navaratri Special,18
UCG3B5UDD0rgEgKrpn1hZz3w,PLa3a5O_Lwkf4xjgWZheKiplDhEa28VK3s,Thogayal,10
UCG3B5UDD0rgEgKrpn1hZz3w,PLa3a5O_Lwkf6Ns5YdfnRxJsGpB8-9FfPP,Dinner Combo Plan,5
UCG3B5UDD0rgEgKrpn1hZz3w,PLa3a5O_Lwkf54R3Fgf36MCEKUFq2AfYQ3,Breakfast,75
UCG3B5UDD0rgEgKrpn1hZz3w,PLa3a5O_Lwkf4YfEUIt8ULAUfbO6Neu5pi,Neivedhyam,60
UCG3B5UDD0rgEgKrpn1hZz3w,PLa3a5O_Lwkf4gdFegLLE0TdJbR63ynd_H,Pickles,7
UCG3B5UDD0rgEgKrpn1hZz3w,PLa3a5O_Lwkf6WZL83saQUTa0CAXmuW4KU,Digestion & Immunity booster recipes,8
UCG3B5UDD0rgEgKrpn1hZz3w,PLa3a5O_Lwkf6-Ge_C-ek5tCnHlXKyg0e3,Snacks,29
UCG3B5UDD0rgEgKrpn1hZz3w,PLa3a5O_Lwkf4-oZTI9bv8oMWDai3mhtzA,Lunch box recipes,127
UCG3B5UDD0rgEgKrpn1hZz3w,PLa3a5O_Lwkf6zvLw3rtNd7t54YP_c9Vpn,Diwali Sweets and Snacks,37
UCG3B5UDD0rgEgKrpn1hZz3w,PLa3a5O_Lwkf6bEngUJVuyYkOk5EmRyuA4,Home Remedies,8
UCG3B5UDD0rgEgKrpn1hZz3w,PLa3a5O_Lwkf5FmU3xFSm_LrB7-PnWYpC0,Soup & Salad,16
UCG3B5UDD0rgEgKrpn1hZz3w,PLa3a5O_Lwkf4au4iDXE2yOOTX6tvgj3kt,Vadam Recipes,4
UCG3B5UDD0rgEgKrpn1hZz3w,PLa3a5O_Lwkf42IyZUq1hjNkVcLQvjbE8e,Millet Series,19
UCG3B5UDD0rgEgKrpn1hZz3w,PLa3a5O_Lwkf6ijpEjW-OHEhJsM4wTvA0S,Beginners Recipes,305
UCG3B5UDD0rgEgKrpn1hZz3w,PLa3a5O_Lwkf4qxfECGXkRTOcnS_TWNTE8,Lunch Menu,187
UCG3B5UDD0rgEgKrpn1hZz3w,PLa3a5O_Lwkf4QLI0MH9fl3ovq0FtvLxNj,No Onion No Garlic,162
UCG3B5UDD0rgEgKrpn1hZz3w,PLa3a5O_Lwkf5_NzY-luTmUHgBKtuOA_FY,Curry,24
UCG3B5UDD0rgEgKrpn1hZz3w,PLa3a5O_Lwkf4LXlqPhhj9igxRhlJxrEEG,Sabji,38
UCG3B5UDD0rgEgKrpn1hZz3w,PLa3a5O_Lwkf5lu0Suklcp6wU4MuhK-hCk,Chaat Specials,10
UCG3B5UDD0rgEgKrpn1hZz3w,PLa3a5O_Lwkf6smKN56iySOO5-UdoiMS3H,Tiffin Varieties,219
UCG3B5UDD0rgEgKrpn1hZz3w,PLa3a5O_Lwkf4EkRc94RuWdqstHUjRFSec,Indo Chinese,3
UCG3B5UDD0rgEgKrpn1hZz3w,PLa3a5O_Lwkf5XaDafcihIUdknXOYNXl8j,Ice Cream and Kulfis,11
UCG3B5UDD0rgEgKrpn1hZz3w,PLa3a5O_Lwkf5K_6jFOkNo6JZ5w6NQy2ec,Savouries,23
UCG3B5UDD0rgEgKrpn1hZz3w,PLa3a5O_Lwkf6xnZKWD1Os6EQKGBogS0BX,Sweets,136
UCG3B5UDD0rgEgKrpn1hZz3w,PLa3a5O_Lwkf5SxK4cp98jX1b50W0TNEIY,Pregnancy Recipes,17
UCG3B5UDD0rgEgKrpn1hZz3w,PLa3a5O_Lwkf6CSxtQZYhpXMg-yjmN_pwn,Traditional South Indian Recipes,346
UCG3B5UDD0rgEgKrpn1hZz3w,PLa3a5O_Lwkf5dlwPFgmLR1NwKBytt_xNJ,VLOG's,6
UCG3B5UDD0rgEgKrpn1hZz3w,PLa3a5O_Lwkf6wc-GoiGLrNDokhX-SkXOZ,Soup varieties,13
UCG3B5UDD0rgEgKrpn1hZz3w,PLa3a5O_Lwkf5XqLhDTieqLCjw_V8_cbw9,Karthikai Special,9
UCG3B5UDD0rgEgKrpn1hZz3w,PLa3a5O_Lwkf5nco7dUIXkxBAw89qYvVit,Podi Varieties,11
UCG3B5UDD0rgEgKrpn1hZz3w,PLa3a5O_Lwkf4uP5k4iGTu0TzvhxZQ9HvF,Mahalaya Paksha Tiffin Varieties,59
UCG3B5UDD0rgEgKrpn1hZz3w,PLa3a5O_Lwkf6HYg5mmFmjA1sfAm5NSdM7,Side-dish for rotis & dosas,117
UCG3B5UDD0rgEgKrpn1hZz3w,PLa3a5O_Lwkf6ePzDsfq9KKBaMgJw9F6_g,Bread Varieties,23
UCG3B5UDD0rgEgKrpn1hZz3w,PLa3a5O_Lwkf4xOh9DBffrHvf_7F0RRHpu,Juices and Coolants,22
UCG3B5UDD0rgEgKrpn1hZz3w,PLa3a5O_Lwkf6wWDWJq5tXCuY2f6siPw2l,Pickle Varieties,20
UCXxAaLw4mIrXC2IO0v-204A,PL-dqs7lwcp1ziAUiLou0bzmwk8RjA8o8M,Inspiring Journey Of Icons,2
UCXxAaLw4mIrXC2IO0v-204A,PL-dqs7lwcp1wLyZqoKtCWLEVvmsl-vgmm,Ahmed Live,4
UCXxAaLw4mIrXC2IO0v-204A,PL-dqs7lwcp1z170hwtM6juTgQ3ibxSkhj,''Catching Up With'' Series,4
UCueYcgdqos0_PzNOq81zAFg,PLOCL6s2le0R87NS-H97i-vVP0iOx4_2sI,Codeyil Iruvar | Parithabangal,9
UCueYcgdqos0_PzNOq81zAFg,PLOCL6s2le0R9sq7XUH3ehDZrP-DKPe8FB,Paavangal 2024 | Parithabangal,39
UCueYcgdqos0_PzNOq81zAFg,PLOCL6s2le0R9L81gQQFdbapdJkKgJTdcx,Parithabangal Productions Untitled Project┬а#2,3
UCueYcgdqos0_PzNOq81zAFg,PLOCL6s2le0R9v2Goqn5Iz0U9FEK69UWDd,Paavangal 2023 | Parithabangal,67
UCueYcgdqos0_PzNOq81zAFg,PLOCL6s2le0R_iZVGZWaZ-SzqsnPnBqRXx,Paavangal 2022 | Parithabangal,61
UCueYcgdqos0_PzNOq81zAFg,PLOCL6s2le0R-sSX9w3cPiArQoZhTueZWp,Shorts | Parithabangal,548
UCueYcgdqos0_PzNOq81zAFg,PLOCL6s2le0R_CBcebMukiinlHC8vACPwX,Escape Travel Vlogs,3
UCueYcgdqos0_PzNOq81zAFg,PLOCL6s2le0R_ZCYXpsuXrDztDI4GW2K_n,86 Vayathinile,5
UCueYcgdqos0_PzNOq81zAFg,PLOCL6s2le0R97RbavPZXbXNXa1PQZ9V4s,YYGG,5
UCueYcgdqos0_PzNOq81zAFg,PLOCL6s2le0R_HrKF39acaSai4RWxwAOqG,Paavangal - 2018 | Parithabangal,25
UCueYcgdqos0_PzNOq81zAFg,PLOCL6s2le0R-XWCpEsoQGxT9d6a-zE_r9,Best of Paavangal | Parithabangal,21
UCueYcgdqos0_PzNOq81zAFg,PLOCL6s2le0R_O0bbp0PhXR9O74fODDtDp,Title Launch - Hey Money Come Today Go Tomorrow Ya,8
UCueYcgdqos0_PzNOq81zAFg,PLOCL6s2le0R-XL81bBcxB-G4zo1A09gHm,Vizhayaadiya Poludhugal,1
UCueYcgdqos0_PzNOq81zAFg,PLOCL6s2le0R9va1OxhwCPJ8Y1tc0NjmOx,Arasiyal Pazhagu,2
UCueYcgdqos0_PzNOq81zAFg,PLOCL6s2le0R-r8DhW-cS0y40uw-vXovog,Paavangal Promo,2
UCueYcgdqos0_PzNOq81zAFg,PLOCL6s2le0R9kcrTf_YppBM5GLGLaxtik,Seivinai,13
UCueYcgdqos0_PzNOq81zAFg,PLOCL6s2le0R-G0g7NMmJnIYufAokHvhCj,Avatharangal,4
UCueYcgdqos0_PzNOq81zAFg,PLOCL6s2le0R8ef6hxqLLBf5T7O858qllR,The Book Show,4
UCueYcgdqos0_PzNOq81zAFg,PLOCL6s2le0R8Af-fsJII0O4r5PKoJWZ6J,Isaignani Ilaiyaraaja 75,1
UCueYcgdqos0_PzNOq81zAFg,PLOCL6s2le0R_M4-CX4_GCYDoz2diSHDum,OO.MU.KA - Tamil Web Series,2
UCueYcgdqos0_PzNOq81zAFg,PLOCL6s2le0R9dfPqmyI62IG8b-Fyf7B5w,Nenapu Polapu,18
UCueYcgdqos0_PzNOq81zAFg,PLOCL6s2le0R9_nr9rEMNXf5Aubuo2HvbM,Vidubattavai,2
UCueYcgdqos0_PzNOq81zAFg,PLOCL6s2le0R-OuWL7q1HEJ5nXFw4aRklE,Hungry Young Man,2
UCueYcgdqos0_PzNOq81zAFg,PLOCL6s2le0R-3XJCqyOaoU7670T0ajiY9,Mind Voice Mohan,2
UCueYcgdqos0_PzNOq81zAFg,PLOCL6s2le0R-MwSlIr2juOXYfkL40MnFZ,Irattai Kizhavi,17
UCueYcgdqos0_PzNOq81zAFg,PLOCL6s2le0R8EnVMWKWsiqhwDDnhLZDQf,Vaaithaa,3
UCueYcgdqos0_PzNOq81zAFg,PLOCL6s2le0R-Wmi5Ga_aeGEe5URuVgmo9,Why Blood Same Blood,14
UCueYcgdqos0_PzNOq81zAFg,PLOCL6s2le0R8CVdUt47P3V5j1oL1XcOKH,Paavangal 2021 | Parithabangal,114
UC9tnwmlNY-TWA-5RXC6D81A,PLGGgx-7C9YUuskAk4WgQlF4ZOzjvShbRc,Perumal songs,1
UC9tnwmlNY-TWA-5RXC6D81A,PLGGgx-7C9YUvlsjbsAobQyPIebDVh7Wkq,Murugan songs,7
UC9tnwmlNY-TWA-5RXC6D81A,PLGGgx-7C9YUvC72T3-rtAg7qT1gYRZ5PF,Amman songs,6
UC9tnwmlNY-TWA-5RXC6D81A,PLGGgx-7C9YUsI_vFItWDQwDXXoxU2IfUZ,Sivan songs,5
UC9tnwmlNY-TWA-5RXC6D81A,PLGGgx-7C9YUtnTDYGIdS1iHHP8FZarppV,роХрогроХрпНроХройрпНрокроЯрпНроЯро┐ роЪро┐родрпНродро░рпН,37
UC9tnwmlNY-TWA-5RXC6D81A,PLGGgx-7C9YUtVxs0LaHYW_Ury1dWvlvnZ,роЖройрпНроорпАроХроорпН,52
UC9tnwmlNY-TWA-5RXC6D81A,PLGGgx-7C9YUsygQGzSjgZ27mJxouniorb,Tamil stories,9
UC5vJPQBlBYBe2mmZyLlK5Sg,PL79hwVAW-s24d_ZrJ_QYWDZwHGqNUmB55,Benefits Of Gayathri Mantra,1
UC5vJPQBlBYBe2mmZyLlK5Sg,PL79hwVAW-s270KvOHl-GqOqb6GBWNXOiR,роХрпКроЯрпБродрпНродродрпИ роЗро┤роирпНродродрпИ   ро╡ро┐ро▓роХро┐ропродрпИ роорпАроЯрпНрокродрпБ роОрокрпНрокроЯро┐,1
UC5vJPQBlBYBe2mmZyLlK5Sg,PL79hwVAW-s26c_jo4FDbGNJWk72vGVFwS,Rudhram Chamakam,1
UC5vJPQBlBYBe2mmZyLlK5Sg,PL79hwVAW-s27f0ghIpiws-x1ReddTE0MM,Brahma Sutra An introduction,2
UC5vJPQBlBYBe2mmZyLlK5Sg,PL79hwVAW-s253ixKEC4Veu5R67JmksMSm,родро░рпНроо роЪро╛ро╕рпНродро┐ро░роорпН,1
UC5vJPQBlBYBe2mmZyLlK5Sg,PL79hwVAW-s25UgSKlmelh_BtoYKzPKbSJ,Dakshinaayanam родроХрпНро╖ро┐рогро╛ропрой рокрпБрогрпНропроХро╛ро▓роорпН,1
UC5vJPQBlBYBe2mmZyLlK5Sg,PL79hwVAW-s25dIRqLvjKGhLjBbkx8-Aer,Natrajar,1
UC5vJPQBlBYBe2mmZyLlK5Sg,PL79hwVAW-s25ryeejFn58Z6i2eQVwL6Xf,Ramayana Pravachana,1
UC5vJPQBlBYBe2mmZyLlK5Sg,PL79hwVAW-s26RojV3Ue9GgF9ALiLU-08h,Sanathana Dharma,2
UC5vJPQBlBYBe2mmZyLlK5Sg,PL79hwVAW-s25SJBEb7yqMVe6RJSpdNdhq,Homas,1
UC5vJPQBlBYBe2mmZyLlK5Sg,PL79hwVAW-s27EzPFK8raWOn1jBm1PpDOy,Ganesha Chathurthi,2
UC5vJPQBlBYBe2mmZyLlK5Sg,PL79hwVAW-s27KJs-FcZR-fcCRWGVlqXzW,Teachers Day,1
UC5vJPQBlBYBe2mmZyLlK5Sg,PL79hwVAW-s24zCD-tuakUdlkveZawQ7rB,"Vidhwan""s Speeches",4
UC5vJPQBlBYBe2mmZyLlK5Sg,PL79hwVAW-s265Qv63TK8PfNgVwuTocs_W,Veda Sadhas,5
UC5vJPQBlBYBe2mmZyLlK5Sg,PL79hwVAW-s27CT8NYh8Hxl0befZIJoUzk,Ganapatigal Sashti Poorthi Vaibhavam,5
UC5vJPQBlBYBe2mmZyLlK5Sg,PL79hwVAW-s24SYoptur8KIEDrhX9IWmoZ,Surya Bhagavan,3
UC5vJPQBlBYBe2mmZyLlK5Sg,PL79hwVAW-s24Xz-NkImVjSkUB9E1spzID,рокро╛ройрпБ роЪрокрпНродрооро┐ Bhanu Sapthami,2
UC5vJPQBlBYBe2mmZyLlK5Sg,PL79hwVAW-s24fWrFxLDr0Nf57UAOYAjFq,Guru purnima,4
UC5vJPQBlBYBe2mmZyLlK5Sg,PL79hwVAW-s26q8LTXWrwLzEZfEdD3KlXP,ропро╛ро░рпН рокро┐ро░ро╛роорогройрпН?,1
UC5vJPQBlBYBe2mmZyLlK5Sg,PL79hwVAW-s25ytvKEwPPsUwWiNloDv3NI,Interview,1
UC5vJPQBlBYBe2mmZyLlK5Sg,PL79hwVAW-s25i4ZWKUqwWEkPPFD4fZvsG,Yaksha Prashnam,1
UC5vJPQBlBYBe2mmZyLlK5Sg,PL79hwVAW-s27EGAAQeui2YhSCsPKMEkI8,Awards,2
UC5vJPQBlBYBe2mmZyLlK5Sg,PL79hwVAW-s25Ai8uZ5A4jCuuCARCBezST,Dharma Sastra & Jothisha,3
UC5vJPQBlBYBe2mmZyLlK5Sg,PL79hwVAW-s24aMKiS6hPh8sVM3wJXbDXq,"Iyappan ,Sabarimala",2
UC5vJPQBlBYBe2mmZyLlK5Sg,PL79hwVAW-s25uLAyKhAXk8DjQgOXQRg8r,Bheemaratha Shanthi,1
UC5vJPQBlBYBe2mmZyLlK5Sg,PL79hwVAW-s26UW9xVFyzdLSnvBK2wLvcT,Upanishads,9
UC5vJPQBlBYBe2mmZyLlK5Sg,PL79hwVAW-s2407xlPtYB0keRgkd6umlQr,Pradhosam,1
UC5vJPQBlBYBe2mmZyLlK5Sg,PL79hwVAW-s26F6ar9ML6Ngp3qMqpySSvh,ро╡ро░рпБроЯ рокро┐ро▒рокрпНрокрпБ,2
UC5vJPQBlBYBe2mmZyLlK5Sg,PL79hwVAW-s24pgr5vlSnohR2u9dDglxw2,рокро╛рокро╣ро░ро╛ родроЪроорпА,1
UC5vJPQBlBYBe2mmZyLlK5Sg,PL79hwVAW-s24IAH-cz3JYwibRhTaumycN,Grahanam,2
UC5vJPQBlBYBe2mmZyLlK5Sg,PL79hwVAW-s25yjZP1JB0iyVPQu53umzY7,Varalakshmi Vratham (pooja),2
UC5vJPQBlBYBe2mmZyLlK5Sg,PL79hwVAW-s26b6J1Ts4YsftMA8Lr7sSwz,Festivals,3
UC5vJPQBlBYBe2mmZyLlK5Sg,PL79hwVAW-s26hy8k2ElJrI5SkD_oQdH_s,Deepavali,1
UC5vJPQBlBYBe2mmZyLlK5Sg,PL79hwVAW-s27tgs3q-W3HRwNiQOoArbrC,Thyagarajar,1
UC5vJPQBlBYBe2mmZyLlK5Sg,PL79hwVAW-s24_v3SFfZ1gfIGJzIu5aToC,Aaradhanai,5
UC5vJPQBlBYBe2mmZyLlK5Sg,PL79hwVAW-s27F52EiSPVU09LNvbvSpfXy,Amavasya,2
UC5vJPQBlBYBe2mmZyLlK5Sg,PL79hwVAW-s26tQec4eWWGf4ic52JZW233,Punya Kaalam,16
UC5vJPQBlBYBe2mmZyLlK5Sg,PL79hwVAW-s27MgwEw-7ujuFWXowVwpgPi,Immunity Booster,1
UC5vJPQBlBYBe2mmZyLlK5Sg,PL79hwVAW-s27aUFa9RyEY1_NKm4USXS3v,ро╕рпНроиро╛рой рооро╣ро┐роорпИ,2
UC5vJPQBlBYBe2mmZyLlK5Sg,PL79hwVAW-s27WNx_rbleZpGTaBGRQc-gZ,Akshaya Thruthiyai,2
UC5vJPQBlBYBe2mmZyLlK5Sg,PL79hwVAW-s26pzRUfbjW5rVrXHYNpnKcf,Shankara Jayanthi,3
UC5vJPQBlBYBe2mmZyLlK5Sg,PL79hwVAW-s271k86SmsB9tBszp6FfQuLI,GURU MAHIMA,13
UC5vJPQBlBYBe2mmZyLlK5Sg,PL79hwVAW-s27QzoU1802a9QeoDCrT0kLJ,lord Naarasimha,2
UC5vJPQBlBYBe2mmZyLlK5Sg,PL79hwVAW-s259uvFwgWuPQ3rAmUl-6vJm,Life lessons,2
UC5vJPQBlBYBe2mmZyLlK5Sg,PL79hwVAW-s24McJpl5fAi4tB-ITl-hx2R,Vedhas&Science,1
UC5vJPQBlBYBe2mmZyLlK5Sg,PL79hwVAW-s276Pr9NGSUGAX9F-M4Kim-b,ро╡рпЗродроорпЗ рокроХро╡ро╛ройрпН (Vedhas),4
UC5vJPQBlBYBe2mmZyLlK5Sg,PL79hwVAW-s275Nd7RCFg9Px6zu1QUmxLM,Vaithikasri,4
UC5vJPQBlBYBe2mmZyLlK5Sg,PL79hwVAW-s24pu1FSjT_4o_6SK00D2r_z,рооро╛род рокро┐ро▒рокрпНрокрпБ,5
UC5vJPQBlBYBe2mmZyLlK5Sg,PL79hwVAW-s247onYCseNKwP-n26XuI0oL,Gods Birthdays(jayanthis) & worships,2
UC5vJPQBlBYBe2mmZyLlK5Sg,PL79hwVAW-s25UVkCKZsek_ME4OFsh_LZJ,Temple worships,2
UCa6CCFgzEe9wkh4JoQWWg-g,PLPXmOL65sbiS5euzkbqrbtENU6mssQhBH,Wrestling Receipts,5
UCa6CCFgzEe9wkh4JoQWWg-g,PLPXmOL65sbiRlp7GFzFg4gjQ6Y93G1bSF,Wrestler Special Taunts,8
UCa6CCFgzEe9wkh4JoQWWg-g,PLPXmOL65sbiTGyuwwBiAHGfCdJbii_Qp-,Wrestling Entrances,3
UCa6CCFgzEe9wkh4JoQWWg-g,PLPXmOL65sbiQ1PTxKkQYrdIn7Kqk2wCA2,Wrestling Catchphrases,9
UCa6CCFgzEe9wkh4JoQWWg-g,PLPXmOL65sbiQQwKma90BPoue3s1086mAW,TOP 10,37
UCa6CCFgzEe9wkh4JoQWWg-g,PLPXmOL65sbiSxKz3Ajl2euRS9tskVfPFk,Wrestling Stories,6
UCa6CCFgzEe9wkh4JoQWWg-g,PLPXmOL65sbiRdlTZkKVBxfz_vCX5_xwJH,Ranking Wrestler Gimmicks,7
UCa6CCFgzEe9wkh4JoQWWg-g,PLPXmOL65sbiQ6JMpgqsYxu-98TcAe9rGP,Wrestling Lists,89
UCa6CCFgzEe9wkh4JoQWWg-g,PLPXmOL65sbiRQ1GAK6iM-8f-LKyhMl7Hw,Wrestling Move Origins,5
UCa6CCFgzEe9wkh4JoQWWg-g,PLPXmOL65sbiQWVz1aQupLfVeHakZDujAt,WWE PPV Breakdowns,4
UCa6CCFgzEe9wkh4JoQWWg-g,PLPXmOL65sbiTcPkfUfzNpigIOFzr6dpBb,Wrestling Debates,17
UCIyhoU4jcjFWkeelzga-2qA,PLNQTC-TVsy97a4ZnFmxsF-84dNpzWjXlr,How to overcome injuries in table tennis,2
UCIyhoU4jcjFWkeelzga-2qA,PLNQTC-TVsy97VVMtADpldd05FPtWLgaRu,26 - Ti Long trains Hungary ЁЯЗнЁЯЗ║,1
UCIyhoU4jcjFWkeelzga-2qA,PLNQTC-TVsy97MbhTMr_c5jgjk6dEXzKz9,27 - Ti Long train Zanzaibar,3
UCIyhoU4jcjFWkeelzga-2qA,PLNQTC-TVsy97V6j5QYn2x6q7U0ED2l_oB,25 - Ti Long trains Romania ЁЯЗ╖ЁЯЗ┤,1
UCIyhoU4jcjFWkeelzga-2qA,PLNQTC-TVsy96NeTtXM6lA6MobY40TdO_J,24 - Ti Long trains Turkey ЁЯЗ╣ЁЯЗ╖,2
UCIyhoU4jcjFWkeelzga-2qA,PLNQTC-TVsy97osM-j68_clYjRpY65TD7Y,23 - Ti Long trains Azerbaijan ЁЯЗжЁЯЗ┐,3
UCIyhoU4jcjFWkeelzga-2qA,PLNQTC-TVsy95wD7wQMAFySndj44E35fh_,22- Ti Long trains Malaysia ЁЯЗ▓ЁЯЗ╛,3
UCIyhoU4jcjFWkeelzga-2qA,PLNQTC-TVsy96jWGxLEInoIAQGJPNed4AO,21- Ti Long trains Canada ЁЯЗиЁЯЗж,1
UCIyhoU4jcjFWkeelzga-2qA,PLNQTC-TVsy958EO3mtXHW1-UT7eGj9bKq,20 - Ti Long trains Maldives ЁЯЗ▓ЁЯЗ╗,2
UCIyhoU4jcjFWkeelzga-2qA,PLNQTC-TVsy94PhsnTOmfBoIcsG-R3rRg1,14 - Ti Long trains Argentina,1
UCIyhoU4jcjFWkeelzga-2qA,PLNQTC-TVsy942iLEBpskxilgb5x1Vkd_W,19 - Ti Long trains Russia,1
UCIyhoU4jcjFWkeelzga-2qA,PLNQTC-TVsy96rorR6Po_rPuCHREvv3Xhm,18 - Ti Long trains Thailand,2
UCIyhoU4jcjFWkeelzga-2qA,PLNQTC-TVsy95lGHGpY977n4E8iGRk66Za,17 - Ti Long trains Korea,2
UCIyhoU4jcjFWkeelzga-2qA,PLNQTC-TVsy97q_oUs8CW6kVfihnZTCGOB,16 - Ti Long trains Singapore,3
UCIyhoU4jcjFWkeelzga-2qA,PLNQTC-TVsy96hcpqsFoT0-9amxtBH_SL4,15 - Ti Long trains Netherlands,1
UCIyhoU4jcjFWkeelzga-2qA,PLNQTC-TVsy9541Z-TUfnragTqemfGkXTo,14 - Ti Long trains Argentina,0
UCIyhoU4jcjFWkeelzga-2qA,PLNQTC-TVsy97VzdogG8xXTPL1W5V5Dw43,13 - Ti Long trains Serbia,1
UCIyhoU4jcjFWkeelzga-2qA,PLNQTC-TVsy97fikdwaHQwyNqF4_f8u5xt,12 - Ti Long trains China,2
UCIyhoU4jcjFWkeelzga-2qA,PLNQTC-TVsy94a1xwsLBB-0_xaP_Hg5N0M,11 - Ti Long trains Cambodia ЁЯЗ░ЁЯЗн,9
UCIyhoU4jcjFWkeelzga-2qA,PLNQTC-TVsy94beaiFLKIf2C79eE__suM0,10 - Ti Long trains England,3
UCIyhoU4jcjFWkeelzga-2qA,PLNQTC-TVsy97y-yuqm4GHjeqTHXdj5Mj-,9 - Ti Long trains India,82
UCIyhoU4jcjFWkeelzga-2qA,PLNQTC-TVsy97j0mxHuF5dxV0W5p2xkGrK,8 - Ti Long trains America,4
UCIyhoU4jcjFWkeelzga-2qA,PLNQTC-TVsy97MUE7GsqjW8ma2ZEIx2n9n,7 - Ti Long trains France,12
UCIyhoU4jcjFWkeelzga-2qA,PLNQTC-TVsy97-gGju4OYNfqyhs6PBF2cl,6 - Ti Long trains Switzerland,2
UCIyhoU4jcjFWkeelzga-2qA,PLNQTC-TVsy94viRpd-jBVf3Dlnai82UzU,5 - Ti Long trains Sweden,28
UCIyhoU4jcjFWkeelzga-2qA,PLNQTC-TVsy95kpD9xpmEpnc72oOvM_YGF,4 - Ti Long trains Australia,19
UCIyhoU4jcjFWkeelzga-2qA,PLNQTC-TVsy96RxY3PQSnqV142nociFkvN,3 - Ti Long trains Israel,3
UCIyhoU4jcjFWkeelzga-2qA,PLNQTC-TVsy97_4WHpG8GPo3MfsLwR2u3k,2 - Ti Long trains Viet Nam,18
UCIyhoU4jcjFWkeelzga-2qA,PLNQTC-TVsy978tBqRehebvDaV4gIHgms9,1 - Ti Long train Germany,13
UCIyhoU4jcjFWkeelzga-2qA,PLNQTC-TVsy94tPOnTFvTlmWbJKmgqOa56,Ti Long trains for the young Swedish ЁЯЗ╕ЁЯЗк World champion ЁЯПЖЁЯеЗЁЯМП,13
UCIyhoU4jcjFWkeelzga-2qA,PLNQTC-TVsy94b9fExwGCOjYD_UU0laLDG,Ti Long trains many table tennis techniques for 8-year-old Indian ЁЯЗоЁЯЗ│ talent,15
UCIyhoU4jcjFWkeelzga-2qA,PLNQTC-TVsy966nF4MzQB9L7nTiD-szOED,Table tennis at home with training tool | Tс║нp b├│ng b├аn tс║бi nh├а vс╗Ыi dс╗еng cс╗е l─Гn b├│ng,7
UCIyhoU4jcjFWkeelzga-2qA,PLNQTC-TVsy95nXbvHVUwG9XE65SXmZ6dM,TECHNICAL OF ZHANG JIKE | Kс╗╕ THUс║мT Cс╗жA ZHANG JIKE,7
UCIyhoU4jcjFWkeelzga-2qA,PLNQTC-TVsy94b6vz-thdcZxceioOppcVp,TECHNICAL OF MA LONG | Kс╗╕ THUс║мT Cс╗жA MA LONG,9
UCIyhoU4jcjFWkeelzga-2qA,PLNQTC-TVsy978F2tlnK2GZHtUg5QCJv84,Table tennis serving technique of World Stars | Kс╗╣ thuс║нt Giao B├│ng B├│ng B├аn cс╗зa c├бc Ng├┤i Sao Thс║┐ Giс╗Ыi,17
UCIyhoU4jcjFWkeelzga-2qA,PLNQTC-TVsy946xBx7-Mz7FNrb1y5-Tc1x,FOOTWORK TABLE TENNIS | Di Chuyс╗Гn B├│ng B├аn,8
UCIyhoU4jcjFWkeelzga-2qA,PLNQTC-TVsy97a40hz5-dOBw4zn4NJ1P6S,Guide against Long Pimples in table tennis | H╞░с╗Ыng dс║лn c├бch chс╗Сng lс║бi Gai phс║гn xo├бy,8
UCIyhoU4jcjFWkeelzga-2qA,PLNQTC-TVsy9400RYfEnhT-rc6BpQ9El2S,Technical master in table tennis | Kс╗╣ thuс║нt cс║еp cao trong b├│ng b├аn,32
UCIyhoU4jcjFWkeelzga-2qA,PLNQTC-TVsy9609GvryiPUgPw4ThkvYfwg,Table tennis training long pips | Dс║бy ─С├бnh gai phс║гn xo├бy,20
UCIyhoU4jcjFWkeelzga-2qA,PLNQTC-TVsy94qUfKbA3ingiDHoGhBH4e-,Advance Return of Serve In Table Tennis | ─Рс╗б giao b├│ng n├вng cao trong b├│ng b├аn,6
UCIyhoU4jcjFWkeelzga-2qA,PLNQTC-TVsy96-K5c5LWr5nGopwsV4k1ud,Table Tennis Robot Training Series | Tс║нp b├│ng b├аn vс╗Ыi m├бy,14
UCIyhoU4jcjFWkeelzga-2qA,PLNQTC-TVsy97NcRt9yhiIvuZTei6ep2lM,Table Tennis Trick Shorts,2
UCIyhoU4jcjFWkeelzga-2qA,PLNQTC-TVsy94EHGlYzFaNn4ThaPb6OoaN,Advanced techniques | Kс╗╣ thuс║нt b├│ng b├аn n├вng cao,33
UCIyhoU4jcjFWkeelzga-2qA,PLNQTC-TVsy96i7BB18lQwmyMbJZo8rScV,Return Serves | Table Tennis - ─Рс╗б giao b├│ng b├│ng b├аn,14
UCIyhoU4jcjFWkeelzga-2qA,PLNQTC-TVsy94sKex8llkgbQHd0os05_NM,Serve Table Tennis Techniques- Kс╗╣ thuс║нt Giao b├│ng b├│ng b├аn,21
UCIyhoU4jcjFWkeelzga-2qA,PLNQTC-TVsy96gHAvMOeIP7_dRyPKjL6VA,Intermediate Techniques | Table Tennis - Kс╗╣ thuс║нt trung cс║еp b├│ng b├аn,28
UCIyhoU4jcjFWkeelzga-2qA,PLNQTC-TVsy96-IbtLWCL7NechBHc1tXru,Basic Techniques | Table Tennis - Kс╗╣ thuс║нt b├│ng b├аn c╞б bс║гn,26
